<?xml version="1.0" encoding="UTF-8" standalone="yes"?>
<addon id="plugin.video.TV4U" name="TV4U" version="1.3.8.8" provider-name="NAS">
  <requires>
    <import addon="xbmc.python" version="2.1.0"/>
    <import addon="script.module.beautifulsoup" version="3.2.1"/>
    <import addon="script.module.simplejson" version="3.3.0"/>
  </requires>
  <extension point="xbmc.python.pluginsource" library="default.py">
        <provides>video</provides>
  </extension>
  <extension point="xbmc.addon.metadata">
    <platform>all</platform>
    <summary lang="en">Watch Live TV</summary>
    <description lang="en">Watch Live TV.</description>
    <disclaimer lang="en">None.</disclaimer>
  </extension>
</addon>

