<?xml version="1.0" encoding="UTF-8" standalone="yes"?>
<addon id="plugin.video.DesiTv" name="DesiTv" version="1.3.8.8" provider-name="NAS">
  <requires>
    <import addon="xbmc.python" version="2.1.0"/>
    <import addon="script.module.beautifulsoup" version="3.2.1"/>
    <import addon="script.module.simplejson" version="3.3.0"/>
  </requires>
  <extension point="xbmc.python.pluginsource" library="default.py">
        <provides>video</provides>
  </extension>
  <extension point="xbmc.addon.metadata">
    <platform>all</platform>
    <summary lang="en">MTA Live</summary>
    <description lang="en">MTA Live.</description>
    <disclaimer lang="en">None.</disclaimer>
  </extension>
  <extension point="xbmc.addon.repository"
              name="Official XBMC.org Add-on Repository">
    <info compressed="true">http://mirrors.xbmc.org/addons/dharma-pre/addons.xml</info>
    <checksum>http://mirrors.xbmc.org/addons/dharma-pre/addons.xml.md5</checksum>
    <datadir zip="true">http://mirrors.xbmc.org/addons/dharma-pre</datadir>
  </extension>
</addon>
